{"train_accuracy": 0.7142, "train_f1": 0.7110076273176283, "val_accuracy": 0.7362105172931042, "val_f1": 0.7474213783168404, "learning_rate": 5.000000000000002e-09, "_timestamp": 1689065298.377832, "_runtime": 90.47434401512146, "_step": 49, "_wandb": {"runtime": 89}}