{"train_accuracy": 0.7497333333333334, "train_f1": 0.7491566621702671, "val_accuracy": 0.7338104830069001, "val_f1": 0.7472415478799346, "_timestamp": 1689090478.723835, "_runtime": 77.74634599685669, "_step": 49, "_wandb": {"runtime": 76}}