{"train_accuracy": 0.7548666666666667, "train_f1": 0.7545033533306501, "val_accuracy": 0.7321818883126902, "val_f1": 0.7444303584533036, "_timestamp": 1689090098.19387, "_runtime": 108.44817018508911, "_step": 49, "_wandb": {"runtime": 107}}