{"Train Loss": 0.6976307034492493, "Val Loss": 0.6723435620739036, "Train Acc": 0.7507333333333334, "Val Acc": 0.7404534350490721, "_timestamp": 1688985497.147926, "_runtime": 142.64586901664734, "_step": 49, "_wandb": {"runtime": 529}}