{"train_accuracy": 0.7535666666666667, "train_f1": 0.7524661025774374, "val_accuracy": 0.7274675352505036, "val_f1": 0.7374885330301042, "_timestamp": 1688648725.879477, "_runtime": 198.81556510925293, "_step": 79, "_wandb": {"runtime": 198}}