{"train_accuracy": 0.7241666666666666, "train_f1": 0.7215567676146843, "val_accuracy": 0.738653409334419, "val_f1": 0.7500537341943844, "learning_rate": 5.000000000000002e-09, "_timestamp": 1689089840.183617, "_runtime": 72.04683804512024, "_step": 49, "_wandb": {"runtime": 71}}