{"train_accuracy": 0.7535666666666667, "train_f1": 0.7524661025774374, "val_accuracy": 0.7274675352505036, "val_f1": 0.7374885330301042, "_timestamp": 1688647891.8091269, "_runtime": 138.8103039264679, "_step": 79, "_wandb": {"runtime": 138}}