{"train_accuracy": 0.7296, "train_f1": 0.7281412882752383, "val_accuracy": 0.7287104101487164, "val_f1": 0.7416364372286864, "learning_rate": 5.000000000000002e-09, "_timestamp": 1689090333.206055, "_runtime": 115.1079330444336, "_step": 49, "_wandb": {"runtime": 114}}