{"train_accuracy": 0.33463333333333334, "train_f1": 0.1700753017890311, "val_accuracy": 0.21617451677881114, "val_f1": 0.07967870089084578, "_timestamp": 1689063583.100399, "_runtime": 202.89305901527405, "_step": 49, "_wandb": {"runtime": 202}}