{"train_accuracy": 0.6982, "train_f1": 0.6940319042955736, "val_accuracy": 0.7191959885141216, "val_f1": 0.7311556687028694, "learning_rate": 5.000000000000002e-09, "_timestamp": 1688990622.7325609, "_runtime": 150.69587397575378, "_step": 49, "_wandb": {"runtime": 149}}