{"train_accuracy": 0.32936666666666664, "train_f1": 0.2476415209053291, "val_accuracy": 0.21411734453349335, "val_f1": 0.12202971405380922, "learning_rate": 5.000000000000001e-08, "_timestamp": 1689064993.210847, "_runtime": 79.30324196815491, "_step": 21, "_wandb": {"runtime": 84}}