{"train_accuracy": 0.3333333333333333, "train_f1": 0.16666666666666666, "val_accuracy": 0.2142887755539365, "val_f1": 0.07563222233929923, "_timestamp": 1689064375.378647, "_runtime": 170.05349111557007, "_step": 49, "_wandb": {"runtime": 169}}