{"train_accuracy": 0.7594, "train_f1": 0.7593298021722918, "val_accuracy": 0.7478678266832384, "val_f1": 0.7594949439437205, "_timestamp": 1689089687.902391, "_runtime": 83.38622498512268, "_step": 49, "_wandb": {"runtime": 82}}