{"train_accuracy": 0.7936, "train_f1": 0.7949204057172288, "val_accuracy": 0.7629966142373462, "val_f1": 0.7748829320133788, "_timestamp": 1689064641.088383, "_runtime": 97.71320605278015, "_step": 49, "_wandb": {"runtime": 97}}