{"train_accuracy": 0.7525666666666667, "train_f1": 0.751789323445796, "val_accuracy": 0.7400248574979642, "val_f1": 0.7526316913606887, "_timestamp": 1688721325.711064, "_runtime": 77.846431016922, "_step": 49, "_wandb": {"runtime": 77}}