{"train_accuracy": 0.7117333333333333, "train_f1": 0.7090738942906619, "val_accuracy": 0.7276818240260575, "val_f1": 0.741052060236956, "learning_rate": 5.000000000000002e-09, "_timestamp": 1688989778.798914, "_runtime": 83.80730700492859, "_step": 49, "_wandb": {"runtime": 77}}