{"train_accuracy": 0.7936, "train_f1": 0.7949204057172288, "val_accuracy": 0.7629966142373462, "val_f1": 0.7748829320133788, "_timestamp": 1689065198.369262, "_runtime": 101.42960596084595, "_step": 49, "_wandb": {"runtime": 100}}