{"train_accuracy": 0.7131666666666666, "train_f1": 0.7091679323902924, "val_accuracy": 0.7492821326018944, "val_f1": 0.7584661172661105, "learning_rate": 5.000000000000002e-09, "_timestamp": 1689089369.604814, "_runtime": 120.20913910865784, "_step": 49, "_wandb": {"runtime": 119}}