{"train_accuracy": 0.7535666666666667, "train_f1": 0.7524661025774374, "val_accuracy": 0.7274675352505036, "val_f1": 0.7374885330301042, "_timestamp": 1688987160.85258, "_runtime": 110.81426095962524, "_step": 79, "_wandb": {"runtime": 110}}