{"train_accuracy": 0.8869, "train_f1": 0.8868587222391732, "val_accuracy": 0.8787982685466935, "val_f1": 0.8782688720518702, "_timestamp": 1688646819.688055, "_runtime": 105.00791811943054, "_step": 79, "_wandb": {"runtime": 104}}