{"train_accuracy": 0.7129333333333333, "train_f1": 0.708944825449968, "val_accuracy": 0.7398534264775211, "val_f1": 0.7509334409626286, "learning_rate": 5.000000000000002e-09, "_timestamp": 1689070221.306449, "_runtime": 140.37209582328796, "_step": 49, "_wandb": {"runtime": 139}}