{"train_accuracy": 0.3333333333333333, "train_f1": 0.16666666666666666, "val_accuracy": 0.571422448892127, "val_f1": 0.4155771292793721, "_timestamp": 1689063915.5387478, "_runtime": 113.15304589271545, "_step": 49, "_wandb": {"runtime": 112}}