{"train_accuracy": 0.7525666666666667, "train_f1": 0.751789323445796, "val_accuracy": 0.7400248574979642, "val_f1": 0.7526316913606887, "_timestamp": 1688988621.34817, "_runtime": 91.91789698600769, "_step": 49, "_wandb": {"runtime": 91}}