{"train_accuracy": 0.7548333333333334, "train_f1": 0.7559707425444812, "val_accuracy": 0.7248532121887455, "val_f1": 0.7404404187845561, "_timestamp": 1688990466.622375, "_runtime": 140.1542398929596, "_step": 49, "_wandb": {"runtime": 138}}