{"train_accuracy": 0.3334, "train_f1": 0.16680830708868644, "val_accuracy": 0.5713795911370162, "val_f1": 0.4155572938022549, "learning_rate": 5.000000000000002e-09, "_timestamp": 1689064049.632094, "_runtime": 127.33111500740051, "_step": 49, "_wandb": {"runtime": 126}}