{"train_accuracy": 0.5997666666666667, "train_f1": 0.5799690322084745, "val_accuracy": 0.6916384519778854, "val_f1": 0.6892502642607095, "learning_rate": 1.0000000000000004e-08, "_timestamp": 1688988709.8681579, "_runtime": 81.81650495529175, "_step": 49, "_wandb": {"runtime": 80}}