{"train_accuracy": 0.7548333333333334, "train_f1": 0.7559707425444812, "val_accuracy": 0.7248532121887455, "val_f1": 0.7404404187845561, "_timestamp": 1689089116.731062, "_runtime": 139.20134091377258, "_step": 49, "_wandb": {"runtime": 138}}