{"train_accuracy": 0.7097333333333333, "train_f1": 0.7063119819268014, "val_accuracy": 0.7212531607594395, "val_f1": 0.7342297476962351, "learning_rate": 5.000000000000002e-09, "_timestamp": 1688992578.857835, "_runtime": 93.14779806137085, "_step": 49, "_wandb": {"runtime": 92}}