{"train_accuracy": 0.7594, "train_f1": 0.7593298021722918, "val_accuracy": 0.7478678266832384, "val_f1": 0.7594949439437205, "_timestamp": 1688989689.2475982, "_runtime": 79.56173324584961, "_step": 49, "_wandb": {"runtime": 78}}