{"train_accuracy": 0.36973333333333336, "train_f1": 0.36951545003749225, "val_accuracy": 0.35434791925598935, "val_f1": 0.37465146085769074, "learning_rate": 5.000000000000002e-09, "_timestamp": 1689063754.698946, "_runtime": 162.70109510421753, "_step": 49, "_wandb": {"runtime": 162}}