{"train_accuracy": 0.7720333333333333, "train_f1": 0.7730509973085112, "val_accuracy": 0.7455535079072558, "val_f1": 0.7584542706331004, "_timestamp": 1689090719.6206121, "_runtime": 107.9758551120758, "_step": 79, "_wandb": {"runtime": 106}}