{"train_accuracy": 0.8943, "train_f1": 0.8943256397689686, "val_accuracy": 0.8795268503835769, "val_f1": 0.8800495512323249, "_timestamp": 1688647106.960981, "_runtime": 105.11006498336792, "_step": 79, "_wandb": {"runtime": 104}}