{"train_accuracy": 0.7211, "train_f1": 0.7193207468653009, "val_accuracy": 0.7280246860669438, "val_f1": 0.7413185799700498, "learning_rate": 5.000000000000002e-09, "_timestamp": 1688992678.8536682, "_runtime": 86.28825330734253, "_step": 49, "_wandb": {"runtime": 85}}