{"train_accuracy": 0.7552333333333333, "train_f1": 0.757625263980957, "val_accuracy": 0.7168388119830283, "val_f1": 0.7351070307712358, "_timestamp": 1689080165.714894, "_runtime": 132.1667399406433, "_step": 49, "_wandb": {"runtime": 131}}