{"train_accuracy": 0.7474333333333333, "train_f1": 0.7467911733837487, "val_accuracy": 0.7296961385162645, "val_f1": 0.7430724380373926, "_timestamp": 1688721052.615752, "_runtime": 72.43191194534302, "_step": 49, "_wandb": {"runtime": 72}}