{"train_accuracy": 0.6808666666666666, "train_f1": 0.6763904600274963, "val_accuracy": 0.7288389834140487, "val_f1": 0.7382509384239272, "learning_rate": 5.000000000000002e-09, "_timestamp": 1689090942.4058702, "_runtime": 113.49074125289917, "_step": 79, "_wandb": {"runtime": 112}}