{"train_accuracy": 0.7010333333333333, "train_f1": 0.6971552374942845, "val_accuracy": 0.7441820597437107, "val_f1": 0.7538795080244892, "learning_rate": 5.000000000000001e-07, "_timestamp": 1689090602.176587, "_runtime": 34.234419107437134, "_step": 15, "_wandb": {"runtime": 33}}