{"train_accuracy": 0.7729333333333334, "train_f1": 0.7698587132171663, "val_accuracy": 0.7976256803668624, "val_f1": 0.7999771571149364, "_timestamp": 1688647746.484334, "_runtime": 86.47589588165283, "_step": 49, "_wandb": {"runtime": 85}}