{"train_accuracy": 0.7372, "train_f1": 0.7343572203939841, "val_accuracy": 0.7770539579136845, "val_f1": 0.7835213104267987, "_timestamp": 1688651564.989588, "_runtime": 79.96483612060547, "_step": 49, "_wandb": {"runtime": 79}}