{"train_accuracy": 0.8451333333333333, "train_f1": 0.8452668318384121, "val_accuracy": 0.8618265975228218, "val_f1": 0.8621791339241659, "_timestamp": 1688647296.70241, "_runtime": 98.80280303955078, "_step": 79, "_wandb": {"runtime": 97}}