{"train_accuracy": 0.7258333333333333, "train_f1": 0.7226264242911684, "val_accuracy": 0.7435820511721596, "val_f1": 0.7550132787900757, "_timestamp": 1689080300.5019891, "_runtime": 98.30558824539185, "_step": 49, "_wandb": {"runtime": 97}}