{"acc": 0.8145562898045458, "loss": 0.228399437203742, "_timestamp": 1688646268.547759, "_runtime": 6.591848134994507, "_step": 7, "_wandb": {"runtime": 5}}