{"train_accuracy": 0.7874333333333333, "train_f1": 0.7878596898710837, "val_accuracy": 0.7898684266918099, "val_f1": 0.7984519059364187, "_timestamp": 1688648520.6850822, "_runtime": 436.8761761188507, "_step": 49, "_wandb": {"runtime": 436}}