{"train_accuracy": 0.3293333333333333, "train_f1": 0.2476358946429025, "val_accuracy": 0.21411734453349335, "val_f1": 0.12202870635440259, "learning_rate": 5.000000000000001e-07, "_timestamp": 1689064448.230487, "_runtime": 66.35892820358276, "_step": 19, "_wandb": {"runtime": 72}}